ID,STATE,month,total_fire_size
0,AK,2011-03,0.5
1,AK,2011-04,1558.9699999999998
2,AK,2011-05,608126.4
3,AK,2011-06,316987.85
4,AK,2011-07,206614.55
5,AK,2011-08,156.7
6,AK,2011-09,4046.7
7,AK,2011-10,40.9
8,AK,2011-11,0.1
9,AL,2011-01,759.37
10,AL,2011-02,2678.08
11,AL,2011-03,4897.16
12,AL,2011-04,7368.98
13,AL,2011-05,795.45
14,AL,2011-06,434.07
15,AL,2011-07,1294.77
16,AL,2011-08,1707.4
17,AL,2011-09,7850.35
18,AL,2011-10,10216.3
19,AL,2011-11,2211.82
20,AL,2011-12,1864.72
21,AR,2011-01,82.5
22,AR,2011-02,1063.0
23,AR,2011-03,7595.35
24,AR,2011-04,2624.6
25,AR,2011-05,295.1
26,AR,2011-06,639.1
27,AR,2011-07,735.45
28,AR,2011-08,3205.41
29,AR,2011-09,5573.5
30,AR,2011-10,6411.1
31,AR,2011-11,4309.8
32,AR,2011-12,2219.8
33,AZ,2011-01,1329.35
34,AZ,2011-02,58.9
35,AZ,2011-03,259.4
36,AZ,2011-04,521.4
37,AZ,2011-05,6875.48
38,AZ,2011-06,42376.12
39,AZ,2011-07,11515.76
40,AZ,2011-08,10771.55
41,AZ,2011-09,4121.65
42,AZ,2011-10,656.41
43,AZ,2011-11,9089.0
44,AZ,2011-12,148.8
45,CA,2011-01,149.51
46,CA,2011-02,8.47
47,CA,2011-03,300.4
48,CA,2011-04,51.38
49,CA,2011-05,6844.42
50,CA,2011-06,9336.63
51,CA,2011-07,73566.06
52,CA,2011-08,14058.27
53,CA,2011-09,13264.72
54,CA,2011-10,2581.8
55,CA,2011-11,729.92
56,CA,2011-12,55.46
57,CO,2011-01,12.3
58,CO,2011-02,7.7
59,CO,2011-03,1136.26
60,CO,2011-04,1256.13
61,CO,2011-05,2967.96
62,CO,2011-06,12663.83
63,CO,2011-07,6035.96
64,CO,2011-08,11188.93
65,CO,2011-09,12019.57
66,CO,2011-10,3167.41
67,CO,2011-11,1316.81
68,CO,2011-12,122.2
69,CT,2011-01,1.9
70,CT,2011-02,0.7000000000000001
71,CT,2011-03,47.85
72,CT,2011-04,276.8
73,CT,2011-05,18.75
74,CT,2011-06,6.95
75,CT,2011-07,31.7
76,CT,2011-08,18.45
77,CT,2011-09,11.9
78,CT,2011-10,5.7
79,CT,2011-11,29.76
80,CT,2011-12,5.57
81,DE,2011-08,3.0
82,FL,2011-01,3557.05
83,FL,2011-02,3080.36
84,FL,2011-03,1263.52
85,FL,2011-04,2541.38
86,FL,2011-05,7225.85
87,FL,2011-06,5128.78
88,FL,2011-07,5838.94
89,FL,2011-08,942.05
90,FL,2011-09,1782.08
91,FL,2011-10,4943.21
92,FL,2011-11,1065.03
93,FL,2011-12,25505.95
94,GA,2011-01,532.82
95,GA,2011-02,1326.47
96,GA,2011-03,3109.56
97,GA,2011-04,4624.85
98,GA,2011-05,674.4499999999999
99,GA,2011-06,630.29
100,GA,2011-07,1012.53
101,GA,2011-08,1210.05
102,GA,2011-09,1534.38
103,GA,2011-10,2317.55
104,GA,2011-11,3989.1
105,GA,2011-12,2426.31
106,HI,2011-01,24.05
107,HI,2011-02,524.61
108,HI,2011-03,1262.9
109,HI,2011-04,174.88
110,HI,2011-05,1027.53
111,HI,2011-06,7307.14
112,HI,2011-07,1323.34
113,HI,2011-08,2424.0
114,HI,2011-09,835.84
115,HI,2011-10,140.55
116,HI,2011-11,138.18
117,HI,2011-12,29.8
118,IA,2011-03,689.45
119,IA,2011-04,1052.967
120,IA,2011-05,63.95
121,IA,2011-06,1.75
122,IA,2011-07,2.0
123,IA,2011-08,10.0
124,IA,2011-09,17.1
125,IA,2011-10,322.05
126,IA,2011-11,162.05
127,IA,2011-12,83.625
128,ID,2011-02,0.8
129,ID,2011-03,50.91
130,ID,2011-04,511.15
131,ID,2011-05,3.92
132,ID,2011-06,31610.46
133,ID,2011-07,143066.11
134,ID,2011-08,460396.64
135,ID,2011-09,7667.66
136,ID,2011-10,498.41
137,ID,2011-11,62.1
138,IL,2011-01,1.2
139,IL,2011-02,23.85
140,IL,2011-03,760.95
141,IL,2011-04,254.09
142,IL,2011-05,26.35
143,IL,2011-06,5.0
144,IL,2011-07,9.2
145,IL,2011-08,20.65
146,IL,2011-09,315.4
147,IL,2011-10,516.12
148,IL,2011-11,661.02
149,IL,2011-12,14.72
150,IN,2011-03,84.8
151,IN,2011-04,28.4
152,IN,2011-05,1.3
153,IN,2011-07,0.6
154,IN,2011-08,0.1
155,IN,2011-09,13.85
156,IN,2011-10,39.75
157,IN,2011-11,1401.3
158,KS,2011-03,2402.7
159,KS,2011-04,11891.0
160,KS,2011-05,280.0
161,KS,2011-06,1.0
162,KS,2011-07,600.0
163,KS,2011-08,4192.01
164,KS,2011-10,1160.0
165,KS,2011-11,4582.0
166,KS,2011-12,0.1
167,KY,2011-01,1.0
168,KY,2011-02,39.0
169,KY,2011-03,3644.27
170,KY,2011-04,30643.41
171,KY,2011-05,23.25
172,KY,2011-07,26.0
173,KY,2011-08,300.0
174,KY,2011-09,938.0
175,KY,2011-10,15365.7
176,KY,2011-11,9196.72
177,KY,2011-12,32.1
178,LA,2011-01,1109.6695
179,LA,2011-02,1654.64
180,LA,2011-03,5967.83
181,LA,2011-04,2591.06
182,LA,2011-05,1872.15
183,LA,2011-06,2580.7
184,LA,2011-07,1766.6175
185,LA,2011-08,8454.575
186,LA,2011-09,2205.7779
187,LA,2011-10,12603.97
188,LA,2011-11,737.23
189,LA,2011-12,2188.78
190,MA,2011-03,0.2
191,MA,2011-04,321.0
192,MA,2011-07,1.0
193,MD,2011-01,236.8
194,MD,2011-02,0.1
195,MD,2011-03,2944.1000000000004
196,MD,2011-04,33.8
197,MD,2011-05,10.6
198,MD,2011-06,130.5
199,MD,2011-07,45.6
200,MD,2011-08,28.7
201,MD,2011-09,116.6
202,MD,2011-10,10.3
203,MD,2011-11,4.1
204,MD,2011-12,19.4
205,ME,2011-02,4.45
206,ME,2011-03,57.06
207,ME,2011-04,107.21
208,ME,2011-05,68.04
209,ME,2011-06,5.01
210,ME,2011-07,15.02
211,ME,2011-08,35.38
212,ME,2011-09,4.0
213,ME,2011-10,0.31
214,ME,2011-11,0.21
215,ME,2011-12,0.1
216,MI,2011-03,422.85
217,MI,2011-04,1415.32
218,MI,2011-05,9904.32
219,MI,2011-06,41.3
220,MI,2011-07,12.82
221,MI,2011-08,11.25
222,MI,2011-09,10.2
223,MI,2011-10,140.25
224,MI,2011-11,93.1
225,MN,2011-03,10286.49
226,MN,2011-04,22163.7
227,MN,2011-05,972.35
228,MN,2011-06,19.04
229,MN,2011-07,32.25
230,MN,2011-08,53.04
231,MN,2011-09,18.46
232,MN,2011-10,2063.76
233,MN,2011-11,71.15
234,MN,2011-12,0.1
235,MO,2011-01,0.1
236,MO,2011-02,970.95
237,MO,2011-03,5622.88
238,MO,2011-04,3264.52
239,MO,2011-06,0.1
240,MO,2011-07,5.4
241,MO,2011-08,155.5
242,MO,2011-09,0.2
243,MO,2011-10,921.03
244,MO,2011-11,3307.82
245,MO,2011-12,223.0
246,MS,2011-01,749.1
247,MS,2011-02,2648.1
248,MS,2011-03,9138.9
249,MS,2011-04,4597.04
250,MS,2011-05,196.8
251,MS,2011-06,226.4
252,MS,2011-07,166.3
253,MS,2011-08,278.5
254,MS,2011-09,3479.9
255,MS,2011-10,12432.35
256,MS,2011-11,585.4
257,MS,2011-12,2048.93
258,MT,2011-01,2.2
259,MT,2011-02,2.3
260,MT,2011-03,1592.17
261,MT,2011-04,671.4
262,MT,2011-05,201.65
263,MT,2011-06,17.47
264,MT,2011-07,5372.22
265,MT,2011-08,46641.31
266,MT,2011-09,833.01
267,MT,2011-10,594.96
268,MT,2011-11,1547.31
269,MT,2011-12,0.1
270,NC,2011-01,342.1
271,NC,2011-02,1216.1
272,NC,2011-03,3043.5
273,NC,2011-04,5316.05
274,NC,2011-05,1469.65
275,NC,2011-06,591.4
276,NC,2011-07,948.55
277,NC,2011-08,156.5
278,NC,2011-09,2424.45
279,NC,2011-10,618.15
280,NC,2011-11,680.95
281,NC,2011-12,179.9
282,ND,2011-03,28.4
283,ND,2011-04,2450.2
284,ND,2011-05,286.5
285,ND,2011-06,13.2
286,ND,2011-07,83.6
287,ND,2011-08,701.45
288,ND,2011-09,83.05
289,ND,2011-10,42.6
290,ND,2011-11,64.8
291,ND,2011-12,1.0
292,NE,2011-01,48.75
293,NE,2011-02,21.45
294,NE,2011-03,5304.75
295,NE,2011-04,9728.24
296,NE,2011-05,274.21
297,NE,2011-06,104.31
298,NE,2011-07,271.4
299,NE,2011-08,634.76
300,NE,2011-09,4252.35
301,NE,2011-10,944.8
302,NE,2011-11,1598.04
303,NE,2011-12,150.63
304,NH,2011-02,0.2
305,NH,2011-03,2.65
306,NH,2011-04,28.176
307,NH,2011-05,6.859
308,NH,2011-07,10.588
309,NH,2011-08,0.127
310,NH,2011-09,3.343
311,NH,2011-10,0.1
312,NJ,2011-01,9.75
313,NJ,2011-02,2.25
314,NJ,2011-03,595.1
315,NJ,2011-04,204.0
316,NJ,2011-05,542.25
317,NJ,2011-06,1333.25
318,NJ,2011-07,3095.75
319,NJ,2011-08,296.5
320,NJ,2011-09,95.5
321,NJ,2011-10,6.7
322,NJ,2011-11,520.0
323,NJ,2011-12,56.75
324,NM,2011-01,7235.5
325,NM,2011-02,1070.6
326,NM,2011-03,10923.95
327,NM,2011-04,9211.37
328,NM,2011-05,26000.39
329,NM,2011-06,51769.71
330,NM,2011-07,3012.16
331,NM,2011-08,2613.33
332,NM,2011-09,3258.36
333,NM,2011-10,2287.08
334,NM,2011-11,4805.47
335,NM,2011-12,8900.25
336,NV,2011-01,0.4
337,NV,2011-02,0.1
338,NV,2011-03,1.3
339,NV,2011-04,30.6
340,NV,2011-05,15.4
341,NV,2011-06,397.35
342,NV,2011-07,11723.75
343,NV,2011-08,6089.2
344,NV,2011-09,1637.7
345,NV,2011-10,52.25
346,NV,2011-11,22.1
347,NY,2011-01,32.0
348,NY,2011-02,10.65
349,NY,2011-03,323.91
350,NY,2011-04,2367.28
351,NY,2011-05,450.98
352,NY,2011-06,70.0
353,NY,2011-07,334.03000000000003
354,NY,2011-08,212.44
355,NY,2011-09,270.6
356,NY,2011-10,55.85
357,NY,2011-11,147.89
358,NY,2011-12,24.5
359,OH,2011-03,85.9
360,OH,2011-04,970.31
361,OH,2011-05,1.0
362,OH,2011-07,1.0
363,OH,2011-08,1.25
364,OH,2011-09,47.91
365,OH,2011-10,140.1
366,OH,2011-11,265.51
367,OK,2011-01,674.0
368,OK,2011-02,4623.6
369,OK,2011-03,40301.3
370,OK,2011-04,19610.65
371,OK,2011-05,1120.6
372,OK,2011-06,871.4
373,OK,2011-07,799.8
374,OK,2011-08,14324.7
375,OK,2011-09,6117.85
376,OK,2011-10,5238.8
377,OK,2011-11,10431.3
378,OK,2011-12,8784.1
379,OR,2011-01,2.6
380,OR,2011-02,0.46
381,OR,2011-03,26.9
382,OR,2011-04,1.42
383,OR,2011-05,100.5
384,OR,2011-06,405.69
385,OR,2011-07,6704.18
386,OR,2011-08,73708.8
387,OR,2011-09,3397.82
388,OR,2011-10,3383.59
389,OR,2011-11,15.71
390,OR,2011-12,0.11
391,PA,2011-01,0.25
392,PA,2011-02,0.1
393,PA,2011-03,170.668
394,PA,2011-04,2545.21079
395,PA,2011-05,102.593
396,PA,2011-06,2.06
397,PA,2011-07,52.695
398,PA,2011-08,192.24
399,PA,2011-09,162.1704
400,PA,2011-10,53.8978
401,PA,2011-11,211.221
402,PA,2011-12,6.86
403,SC,2011-01,366.0
404,SC,2011-02,428.85
405,SC,2011-03,3009.2
406,SC,2011-04,2291.9
407,SC,2011-05,367.8
408,SC,2011-06,629.5
409,SC,2011-07,335.1
410,SC,2011-08,60.95
411,SC,2011-09,509.87
412,SC,2011-10,352.4
413,SC,2011-11,422.8
414,SC,2011-12,694.0
415,SD,2011-01,0.8
416,SD,2011-02,0.1
417,SD,2011-03,430.2
418,SD,2011-04,2412.6
419,SD,2011-05,13.0
420,SD,2011-06,339.0
421,SD,2011-07,375.35
422,SD,2011-08,796.79
423,SD,2011-09,377.45
424,SD,2011-10,826.15
425,SD,2011-11,49.6
426,SD,2011-12,13.2
427,TN,2011-01,47.05
428,TN,2011-02,489.2
429,TN,2011-03,3203.47
430,TN,2011-04,9604.65
431,TN,2011-05,53.95
432,TN,2011-06,52.8
433,TN,2011-07,253.6
434,TN,2011-08,688.4
435,TN,2011-09,1610.5
436,TN,2011-10,4051.13
437,TN,2011-11,1778.9
438,TN,2011-12,259.8
439,TX,2011-01,12134.58
440,TX,2011-02,4318.29
441,TX,2011-03,28726.03
442,TX,2011-04,16098.65
443,TX,2011-05,33915.21
444,TX,2011-06,41771.87
445,TX,2011-07,5398.18
446,TX,2011-08,23665.25
447,TX,2011-09,14408.28
448,TX,2011-10,11658.39
449,TX,2011-11,17845.25
450,TX,2011-12,28262.05
451,UT,2011-02,0.1
452,UT,2011-03,552.26
453,UT,2011-04,141.88
454,UT,2011-05,116.42
455,UT,2011-06,1715.32
456,UT,2011-07,50098.86
457,UT,2011-08,3863.3
458,UT,2011-09,4616.35
459,UT,2011-10,1530.39
460,UT,2011-11,15.8
461,UT,2011-12,0.1
462,VA,2011-01,54.5
463,VA,2011-02,10.1
464,VA,2011-03,424.8
465,VA,2011-04,5135.96
466,VA,2011-05,177.62
467,VA,2011-06,304.5
468,VA,2011-07,735.85
469,VA,2011-08,276.2
470,VA,2011-09,1047.6
471,VA,2011-10,1634.6
472,VA,2011-11,1744.3
473,VA,2011-12,8.6
474,VT,2011-05,0.1
475,VT,2011-09,0.25
476,WA,2011-01,0.76
477,WA,2011-02,0.51
478,WA,2011-03,322.46
479,WA,2011-04,79.79
480,WA,2011-05,42.37
481,WA,2011-06,858.32
482,WA,2011-07,41975.08
483,WA,2011-08,41893.64
484,WA,2011-09,7826.86
485,WA,2011-10,45.15
486,WA,2011-11,1.36
487,WI,2011-03,659.305
488,WI,2011-04,859.344
489,WI,2011-05,674.405
490,WI,2011-06,46.190000000000005
491,WI,2011-07,11.26
492,WI,2011-08,3.66
493,WI,2011-09,1.38
494,WI,2011-10,186.11
495,WI,2011-11,89.4416
496,WI,2011-12,0.25
497,WV,2011-01,0.7
498,WV,2011-03,796.5
499,WV,2011-04,11686.5
500,WV,2011-05,25.91
501,WV,2011-06,0.1
502,WV,2011-07,163.6
503,WV,2011-08,53.9
504,WV,2011-09,157.3
505,WV,2011-10,9714.45
506,WV,2011-11,2821.1
507,WV,2011-12,34.1
508,WY,2011-01,0.3
509,WY,2011-02,10.7
510,WY,2011-03,335.0
511,WY,2011-04,97.1
512,WY,2011-05,5.7
513,WY,2011-06,9.75
514,WY,2011-07,9067.6792
515,WY,2011-08,15647.33
516,WY,2011-09,30812.75
517,WY,2011-10,29693.19
518,WY,2011-11,1269.95
519,AK,2012-03,0.5
520,AK,2012-04,1558.9699999999998
521,AK,2012-05,608126.4
522,AK,2012-06,316987.85
523,AK,2012-07,206614.55
524,AK,2012-08,156.7
525,AK,2012-09,4046.7
526,AK,2012-10,40.9
527,AK,2012-11,0.1
528,AL,2012-01,759.37
529,AL,2012-02,2678.08
530,AL,2012-03,4897.16
531,AL,2012-04,7368.98
532,AL,2012-05,795.45
533,AL,2012-06,434.07
534,AL,2012-07,1294.77
535,AL,2012-08,1707.4
536,AL,2012-09,7850.35
537,AL,2012-10,10216.3
538,AL,2012-11,2211.82
539,AL,2012-12,1864.72
540,AR,2012-01,82.5
541,AR,2012-02,1063.0
542,AR,2012-03,7595.35
543,AR,2012-04,2624.6
544,AR,2012-05,295.1
545,AR,2012-06,639.1
546,AR,2012-07,735.45
547,AR,2012-08,3205.41
548,AR,2012-09,5573.5
549,AR,2012-10,6411.1
550,AR,2012-11,4309.8
551,AR,2012-12,2219.8
552,AZ,2012-01,1329.35
553,AZ,2012-02,58.9
554,AZ,2012-03,259.4
555,AZ,2012-04,521.4
556,AZ,2012-05,6875.48
557,AZ,2012-06,42376.12
558,AZ,2012-07,11515.76
559,AZ,2012-08,10771.55
560,AZ,2012-09,4121.65
561,AZ,2012-10,656.41
562,AZ,2012-11,9089.0
563,AZ,2012-12,148.8
564,CA,2012-01,149.51
565,CA,2012-02,8.47
566,CA,2012-03,300.4
567,CA,2012-04,51.38
568,CA,2012-05,6844.42
569,CA,2012-06,9336.63
570,CA,2012-07,73566.06
571,CA,2012-08,14058.27
572,CA,2012-09,13264.72
573,CA,2012-10,2581.8
574,CA,2012-11,729.92
575,CA,2012-12,55.46
576,CO,2012-01,12.3
577,CO,2012-02,7.7
578,CO,2012-03,1136.26
579,CO,2012-04,1256.13
580,CO,2012-05,2967.96
581,CO,2012-06,12663.83
582,CO,2012-07,6035.96
583,CO,2012-08,11188.93
584,CO,2012-09,12019.57
585,CO,2012-10,3167.41
586,CO,2012-11,1316.81
587,CO,2012-12,122.2
588,CT,2012-01,1.9
589,CT,2012-02,0.7000000000000001
590,CT,2012-03,47.85
591,CT,2012-04,276.8
592,CT,2012-05,18.75
593,CT,2012-06,6.95
594,CT,2012-07,31.7
595,CT,2012-08,18.45
596,CT,2012-09,11.9
597,CT,2012-10,5.7
598,CT,2012-11,29.76
599,CT,2012-12,5.57
600,DE,2012-08,3.0
601,FL,2012-01,3557.05
602,FL,2012-02,3080.36
603,FL,2012-03,1263.52
604,FL,2012-04,2541.38
605,FL,2012-05,7225.85
606,FL,2012-06,5128.78
607,FL,2012-07,5838.94
608,FL,2012-08,942.05
609,FL,2012-09,1782.08
610,FL,2012-10,4943.21
611,FL,2012-11,1065.03
612,FL,2012-12,25505.95
613,GA,2012-01,532.82
614,GA,2012-02,1326.47
615,GA,2012-03,3109.56
616,GA,2012-04,4624.85
617,GA,2012-05,674.4499999999999
618,GA,2012-06,630.29
619,GA,2012-07,1012.53
620,GA,2012-08,1210.05
621,GA,2012-09,1534.38
622,GA,2012-10,2317.55
623,GA,2012-11,3989.1
624,GA,2012-12,2426.31
625,HI,2012-01,24.05
626,HI,2012-02,524.61
627,HI,2012-03,1262.9
628,HI,2012-04,174.88
629,HI,2012-05,1027.53
630,HI,2012-06,7307.14
631,HI,2012-07,1323.34
632,HI,2012-08,2424.0
633,HI,2012-09,835.84
634,HI,2012-10,140.55
635,HI,2012-11,138.18
636,HI,2012-12,29.8
637,IA,2012-03,689.45
638,IA,2012-04,1052.967
639,IA,2012-05,63.95
640,IA,2012-06,1.75
641,IA,2012-07,2.0
642,IA,2012-08,10.0
643,IA,2012-09,17.1
644,IA,2012-10,322.05
645,IA,2012-11,162.05
646,IA,2012-12,83.625
647,ID,2012-02,0.8
648,ID,2012-03,50.91
649,ID,2012-04,511.15
650,ID,2012-05,3.92
651,ID,2012-06,31610.46
652,ID,2012-07,143066.11
653,ID,2012-08,460396.64
654,ID,2012-09,7667.66
655,ID,2012-10,498.41
656,ID,2012-11,62.1
657,IL,2012-01,1.2
658,IL,2012-02,23.85
659,IL,2012-03,760.95
660,IL,2012-04,254.09
661,IL,2012-05,26.35
662,IL,2012-06,5.0
663,IL,2012-07,9.2
664,IL,2012-08,20.65
665,IL,2012-09,315.4
666,IL,2012-10,516.12
667,IL,2012-11,661.02
668,IL,2012-12,14.72
669,IN,2012-03,84.8
670,IN,2012-04,28.4
671,IN,2012-05,1.3
672,IN,2012-07,0.6
673,IN,2012-08,0.1
674,IN,2012-09,13.85
675,IN,2012-10,39.75
676,IN,2012-11,1401.3
677,KS,2012-03,2402.7
678,KS,2012-04,11891.0
679,KS,2012-05,280.0
680,KS,2012-06,1.0
681,KS,2012-07,600.0
682,KS,2012-08,4192.01
683,KS,2012-10,1160.0
684,KS,2012-11,4582.0
685,KS,2012-12,0.1
686,KY,2012-01,1.0
687,KY,2012-02,39.0
688,KY,2012-03,3644.27
689,KY,2012-04,30643.41
690,KY,2012-05,23.25
691,KY,2012-07,26.0
692,KY,2012-08,300.0
693,KY,2012-09,938.0
694,KY,2012-10,15365.7
695,KY,2012-11,9196.72
696,KY,2012-12,32.1
697,LA,2012-01,1109.6695
698,LA,2012-02,1654.64
699,LA,2012-03,5967.83
700,LA,2012-04,2591.06
701,LA,2012-05,1872.15
702,LA,2012-06,2580.7
703,LA,2012-07,1766.6175
704,LA,2012-08,8454.575
705,LA,2012-09,2205.7779
706,LA,2012-10,12603.97
707,LA,2012-11,737.23
708,LA,2012-12,2188.78
709,MA,2012-03,0.2
710,MA,2012-04,321.0
711,MA,2012-07,1.0
712,MD,2012-01,236.8
713,MD,2012-02,0.1
714,MD,2012-03,2944.1000000000004
715,MD,2012-04,33.8
716,MD,2012-05,10.6
717,MD,2012-06,130.5
718,MD,2012-07,45.6
719,MD,2012-08,28.7
720,MD,2012-09,116.6
721,MD,2012-10,10.3
722,MD,2012-11,4.1
723,MD,2012-12,19.4
724,ME,2012-02,4.45
725,ME,2012-03,57.06
726,ME,2012-04,107.21
727,ME,2012-05,68.04
728,ME,2012-06,5.01
729,ME,2012-07,15.02
730,ME,2012-08,35.38
731,ME,2012-09,4.0
732,ME,2012-10,0.31
733,ME,2012-11,0.21
734,ME,2012-12,0.1
735,MI,2012-03,422.85
736,MI,2012-04,1415.32
737,MI,2012-05,9904.32
738,MI,2012-06,41.3
739,MI,2012-07,12.82
740,MI,2012-08,11.25
741,MI,2012-09,10.2
742,MI,2012-10,140.25
743,MI,2012-11,93.1
744,MN,2012-03,10286.49
745,MN,2012-04,22163.7
746,MN,2012-05,972.35
747,MN,2012-06,19.04
748,MN,2012-07,32.25
749,MN,2012-08,53.04
750,MN,2012-09,18.46
751,MN,2012-10,2063.76
752,MN,2012-11,71.15
753,MN,2012-12,0.1
754,MO,2012-01,0.1
755,MO,2012-02,970.95
756,MO,2012-03,5622.88
757,MO,2012-04,3264.52
758,MO,2012-06,0.1
759,MO,2012-07,5.4
760,MO,2012-08,155.5
761,MO,2012-09,0.2
762,MO,2012-10,921.03
763,MO,2012-11,3307.82
764,MO,2012-12,223.0
765,MS,2012-01,749.1
766,MS,2012-02,2648.1
767,MS,2012-03,9138.9
768,MS,2012-04,4597.04
769,MS,2012-05,196.8
770,MS,2012-06,226.4
771,MS,2012-07,166.3
772,MS,2012-08,278.5
773,MS,2012-09,3479.9
774,MS,2012-10,12432.35
775,MS,2012-11,585.4
776,MS,2012-12,2048.93
777,MT,2012-01,2.2
778,MT,2012-02,2.3
779,MT,2012-03,1592.17
780,MT,2012-04,671.4
781,MT,2012-05,201.65
782,MT,2012-06,17.47
783,MT,2012-07,5372.22
784,MT,2012-08,46641.31
785,MT,2012-09,833.01
786,MT,2012-10,594.96
787,MT,2012-11,1547.31
788,MT,2012-12,0.1
789,NC,2012-01,342.1
790,NC,2012-02,1216.1
791,NC,2012-03,3043.5
792,NC,2012-04,5316.05
793,NC,2012-05,1469.65
794,NC,2012-06,591.4
795,NC,2012-07,948.55
796,NC,2012-08,156.5
797,NC,2012-09,2424.45
798,NC,2012-10,618.15
799,NC,2012-11,680.95
800,NC,2012-12,179.9
801,ND,2012-03,28.4
802,ND,2012-04,2450.2
803,ND,2012-05,286.5
804,ND,2012-06,13.2
805,ND,2012-07,83.6
806,ND,2012-08,701.45
807,ND,2012-09,83.05
808,ND,2012-10,42.6
809,ND,2012-11,64.8
810,ND,2012-12,1.0
811,NE,2012-01,48.75
812,NE,2012-02,21.45
813,NE,2012-03,5304.75
814,NE,2012-04,9728.24
815,NE,2012-05,274.21
816,NE,2012-06,104.31
817,NE,2012-07,271.4
818,NE,2012-08,634.76
819,NE,2012-09,4252.35
820,NE,2012-10,944.8
821,NE,2012-11,1598.04
822,NE,2012-12,150.63
823,NH,2012-02,0.2
824,NH,2012-03,2.65
825,NH,2012-04,28.176
826,NH,2012-05,6.859
827,NH,2012-07,10.588
828,NH,2012-08,0.127
829,NH,2012-09,3.343
830,NH,2012-10,0.1
831,NJ,2012-01,9.75
832,NJ,2012-02,2.25
833,NJ,2012-03,595.1
834,NJ,2012-04,204.0
835,NJ,2012-05,542.25
836,NJ,2012-06,1333.25
837,NJ,2012-07,3095.75
838,NJ,2012-08,296.5
839,NJ,2012-09,95.5
840,NJ,2012-10,6.7
841,NJ,2012-11,520.0
842,NJ,2012-12,56.75
843,NM,2012-01,7235.5
844,NM,2012-02,1070.6
845,NM,2012-03,10923.95
846,NM,2012-04,9211.37
847,NM,2012-05,26000.39
848,NM,2012-06,51769.71
849,NM,2012-07,3012.16
850,NM,2012-08,2613.33
851,NM,2012-09,3258.36
852,NM,2012-10,2287.08
853,NM,2012-11,4805.47
854,NM,2012-12,8900.25
855,NV,2012-01,0.4
856,NV,2012-02,0.1
857,NV,2012-03,1.3
858,NV,2012-04,30.6
859,NV,2012-05,15.4
860,NV,2012-06,397.35
861,NV,2012-07,11723.75
862,NV,2012-08,6089.2
863,NV,2012-09,1637.7
864,NV,2012-10,52.25
865,NV,2012-11,22.1
866,NY,2012-01,32.0
867,NY,2012-02,10.65
868,NY,2012-03,323.91
869,NY,2012-04,2367.28
870,NY,2012-05,450.98
871,NY,2012-06,70.0
872,NY,2012-07,334.03000000000003
873,NY,2012-08,212.44
874,NY,2012-09,270.6
875,NY,2012-10,55.85
876,NY,2012-11,147.89
877,NY,2012-12,24.5
878,OH,2012-03,85.9
879,OH,2012-04,970.31
880,OH,2012-05,1.0
881,OH,2012-07,1.0
882,OH,2012-08,1.25
883,OH,2012-09,47.91
884,OH,2012-10,140.1
885,OH,2012-11,265.51
886,OK,2012-01,674.0
887,OK,2012-02,4623.6
888,OK,2012-03,40301.3
889,OK,2012-04,19610.65
890,OK,2012-05,1120.6
891,OK,2012-06,871.4
892,OK,2012-07,799.8
893,OK,2012-08,14324.7
894,OK,2012-09,6117.85
895,OK,2012-10,5238.8
896,OK,2012-11,10431.3
897,OK,2012-12,8784.1
898,OR,2012-01,2.6
899,OR,2012-02,0.46
900,OR,2012-03,26.9
901,OR,2012-04,1.42
902,OR,2012-05,100.5
903,OR,2012-06,405.69
904,OR,2012-07,6704.18
905,OR,2012-08,73708.8
906,OR,2012-09,3397.82
907,OR,2012-10,3383.59
908,OR,2012-11,15.71
909,OR,2012-12,0.11
910,PA,2012-01,0.25
911,PA,2012-02,0.1
912,PA,2012-03,170.668
913,PA,2012-04,2545.21079
914,PA,2012-05,102.593
915,PA,2012-06,2.06
916,PA,2012-07,52.695
917,PA,2012-08,192.24
918,PA,2012-09,162.1704
919,PA,2012-10,53.8978
920,PA,2012-11,211.221
921,PA,2012-12,6.86
922,SC,2012-01,366.0
923,SC,2012-02,428.85
924,SC,2012-03,3009.2
925,SC,2012-04,2291.9
926,SC,2012-05,367.8
927,SC,2012-06,629.5
928,SC,2012-07,335.1
929,SC,2012-08,60.95
930,SC,2012-09,509.87
931,SC,2012-10,352.4
932,SC,2012-11,422.8
933,SC,2012-12,694.0
934,SD,2012-01,0.8
935,SD,2012-02,0.1
936,SD,2012-03,430.2
937,SD,2012-04,2412.6
938,SD,2012-05,13.0
939,SD,2012-06,339.0
940,SD,2012-07,375.35
941,SD,2012-08,796.79
942,SD,2012-09,377.45
943,SD,2012-10,826.15
944,SD,2012-11,49.6
945,SD,2012-12,13.2
946,TN,2012-01,47.05
947,TN,2012-02,489.2
948,TN,2012-03,3203.47
949,TN,2012-04,9604.65
950,TN,2012-05,53.95
951,TN,2012-06,52.8
952,TN,2012-07,253.6
953,TN,2012-08,688.4
954,TN,2012-09,1610.5
955,TN,2012-10,4051.13
956,TN,2012-11,1778.9
957,TN,2012-12,259.8
958,TX,2012-01,12134.58
959,TX,2012-02,4318.29
960,TX,2012-03,28726.03
961,TX,2012-04,16098.65
962,TX,2012-05,33915.21
963,TX,2012-06,41771.87
964,TX,2012-07,5398.18
965,TX,2012-08,23665.25
966,TX,2012-09,14408.28
967,TX,2012-10,11658.39
968,TX,2012-11,17845.25
969,TX,2012-12,28262.05
970,UT,2012-02,0.1
971,UT,2012-03,552.26
972,UT,2012-04,141.88
973,UT,2012-05,116.42
974,UT,2012-06,1715.32
975,UT,2012-07,50098.86
976,UT,2012-08,3863.3
977,UT,2012-09,4616.35
978,UT,2012-10,1530.39
979,UT,2012-11,15.8
980,UT,2012-12,0.1
981,VA,2012-01,54.5
982,VA,2012-02,10.1
983,VA,2012-03,424.8
984,VA,2012-04,5135.96
985,VA,2012-05,177.62
986,VA,2012-06,304.5
987,VA,2012-07,735.85
988,VA,2012-08,276.2
989,VA,2012-09,1047.6
990,VA,2012-10,1634.6
991,VA,2012-11,1744.3
992,VA,2012-12,8.6
993,VT,2012-05,0.1
994,VT,2012-09,0.25
995,WA,2012-01,0.76
996,WA,2012-02,0.51
997,WA,2012-03,322.46
998,WA,2012-04,79.79
999,WA,2012-05,42.37
1000,WA,2012-06,858.32
1001,WA,2012-07,41975.08
1002,WA,2012-08,41893.64
1003,WA,2012-09,7826.86
1004,WA,2012-10,45.15
1005,WA,2012-11,1.36
1006,WI,2012-03,659.305
1007,WI,2012-04,859.344
1008,WI,2012-05,674.405
1009,WI,2012-06,46.190000000000005
1010,WI,2012-07,11.26
1011,WI,2012-08,3.66
1012,WI,2012-09,1.38
1013,WI,2012-10,186.11
1014,WI,2012-11,89.4416
1015,WI,2012-12,0.25
1016,WV,2012-01,0.7
1017,WV,2012-03,796.5
1018,WV,2012-04,11686.5
1019,WV,2012-05,25.91
1020,WV,2012-06,0.1
1021,WV,2012-07,163.6
1022,WV,2012-08,53.9
1023,WV,2012-09,157.3
1024,WV,2012-10,9714.45
1025,WV,2012-11,2821.1
1026,WV,2012-12,34.1
1027,WY,2012-01,0.3
1028,WY,2012-02,10.7
1029,WY,2012-03,335.0
1030,WY,2012-04,97.1
1031,WY,2012-05,5.7
1032,WY,2012-06,9.75
1033,WY,2012-07,9067.6792
1034,WY,2012-08,15647.33
1035,WY,2012-09,30812.75
1036,WY,2012-10,29693.19
1037,WY,2012-11,1269.95
1038,AK,2013-03,0.5
1039,AK,2013-04,1558.9699999999998
1040,AK,2013-05,608126.4
1041,AK,2013-06,316987.85
1042,AK,2013-07,206614.55
1043,AK,2013-08,156.7
1044,AK,2013-09,4046.7
1045,AK,2013-10,40.9
1046,AK,2013-11,0.1
1047,AL,2013-01,759.37
1048,AL,2013-02,2678.08
1049,AL,2013-03,4897.16
1050,AL,2013-04,7368.98
1051,AL,2013-05,795.45
1052,AL,2013-06,434.07
1053,AL,2013-07,1294.77
1054,AL,2013-08,1707.4
1055,AL,2013-09,7850.35
1056,AL,2013-10,10216.3
1057,AL,2013-11,2211.82
1058,AL,2013-12,1864.72
1059,AR,2013-01,82.5
1060,AR,2013-02,1063.0
1061,AR,2013-03,7595.35
1062,AR,2013-04,2624.6
1063,AR,2013-05,295.1
1064,AR,2013-06,639.1
1065,AR,2013-07,735.45
1066,AR,2013-08,3205.41
1067,AR,2013-09,5573.5
1068,AR,2013-10,6411.1
1069,AR,2013-11,4309.8
1070,AR,2013-12,2219.8
1071,AZ,2013-01,1329.35
1072,AZ,2013-02,58.9
1073,AZ,2013-03,259.4
1074,AZ,2013-04,521.4
1075,AZ,2013-05,6875.48
1076,AZ,2013-06,42376.12
1077,AZ,2013-07,11515.76
1078,AZ,2013-08,10771.55
1079,AZ,2013-09,4121.65
1080,AZ,2013-10,656.41
1081,AZ,2013-11,9089.0
1082,AZ,2013-12,148.8
1083,CA,2013-01,149.51
1084,CA,2013-02,8.47
1085,CA,2013-03,300.4
1086,CA,2013-04,51.38
1087,CA,2013-05,6844.42
1088,CA,2013-06,9336.63
1089,CA,2013-07,73566.06
1090,CA,2013-08,14058.27
1091,CA,2013-09,13264.72
1092,CA,2013-10,2581.8
1093,CA,2013-11,729.92
1094,CA,2013-12,55.46
1095,CO,2013-01,12.3
1096,CO,2013-02,7.7
1097,CO,2013-03,1136.26
1098,CO,2013-04,1256.13
1099,CO,2013-05,2967.96
1100,CO,2013-06,12663.83
1101,CO,2013-07,6035.96
1102,CO,2013-08,11188.93
1103,CO,2013-09,12019.57
1104,CO,2013-10,3167.41
1105,CO,2013-11,1316.81
1106,CO,2013-12,122.2
1107,CT,2013-01,1.9
1108,CT,2013-02,0.7000000000000001
1109,CT,2013-03,47.85
1110,CT,2013-04,276.8
1111,CT,2013-05,18.75
1112,CT,2013-06,6.95
1113,CT,2013-07,31.7
1114,CT,2013-08,18.45
1115,CT,2013-09,11.9
1116,CT,2013-10,5.7
1117,CT,2013-11,29.76
1118,CT,2013-12,5.57
1119,DE,2013-08,3.0
1120,FL,2013-01,3557.05
1121,FL,2013-02,3080.36
1122,FL,2013-03,1263.52
1123,FL,2013-04,2541.38
1124,FL,2013-05,7225.85
1125,FL,2013-06,5128.78
1126,FL,2013-07,5838.94
1127,FL,2013-08,942.05
1128,FL,2013-09,1782.08
1129,FL,2013-10,4943.21
1130,FL,2013-11,1065.03
1131,FL,2013-12,25505.95
1132,GA,2013-01,532.82
1133,GA,2013-02,1326.47
1134,GA,2013-03,3109.56
1135,GA,2013-04,4624.85
1136,GA,2013-05,674.4499999999999
1137,GA,2013-06,630.29
1138,GA,2013-07,1012.53
1139,GA,2013-08,1210.05
1140,GA,2013-09,1534.38
1141,GA,2013-10,2317.55
1142,GA,2013-11,3989.1
1143,GA,2013-12,2426.31
1144,HI,2013-01,24.05
1145,HI,2013-02,524.61
1146,HI,2013-03,1262.9
1147,HI,2013-04,174.88
1148,HI,2013-05,1027.53
1149,HI,2013-06,7307.14
1150,HI,2013-07,1323.34
1151,HI,2013-08,2424.0
1152,HI,2013-09,835.84
1153,HI,2013-10,140.55
1154,HI,2013-11,138.18
1155,HI,2013-12,29.8
1156,IA,2013-03,689.45
1157,IA,2013-04,1052.967
1158,IA,2013-05,63.95
1159,IA,2013-06,1.75
1160,IA,2013-07,2.0
1161,IA,2013-08,10.0
1162,IA,2013-09,17.1
1163,IA,2013-10,322.05
1164,IA,2013-11,162.05
1165,IA,2013-12,83.625
1166,ID,2013-02,0.8
1167,ID,2013-03,50.91
1168,ID,2013-04,511.15
1169,ID,2013-05,3.92
1170,ID,2013-06,31610.46
1171,ID,2013-07,143066.11
1172,ID,2013-08,460396.64
1173,ID,2013-09,7667.66
1174,ID,2013-10,498.41
1175,ID,2013-11,62.1
1176,IL,2013-01,1.2
1177,IL,2013-02,23.85
1178,IL,2013-03,760.95
1179,IL,2013-04,254.09
1180,IL,2013-05,26.35
1181,IL,2013-06,5.0
1182,IL,2013-07,9.2
1183,IL,2013-08,20.65
1184,IL,2013-09,315.4
1185,IL,2013-10,516.12
1186,IL,2013-11,661.02
1187,IL,2013-12,14.72
1188,IN,2013-03,84.8
1189,IN,2013-04,28.4
1190,IN,2013-05,1.3
1191,IN,2013-07,0.6
1192,IN,2013-08,0.1
1193,IN,2013-09,13.85
1194,IN,2013-10,39.75
1195,IN,2013-11,1401.3
1196,KS,2013-03,2402.7
1197,KS,2013-04,11891.0
1198,KS,2013-05,280.0
1199,KS,2013-06,1.0
1200,KS,2013-07,600.0
1201,KS,2013-08,4192.01
1202,KS,2013-10,1160.0
1203,KS,2013-11,4582.0
1204,KS,2013-12,0.1
1205,KY,2013-01,1.0
1206,KY,2013-02,39.0
1207,KY,2013-03,3644.27
1208,KY,2013-04,30643.41
1209,KY,2013-05,23.25
1210,KY,2013-07,26.0
1211,KY,2013-08,300.0
1212,KY,2013-09,938.0
1213,KY,2013-10,15365.7
1214,KY,2013-11,9196.72
1215,KY,2013-12,32.1
1216,LA,2013-01,1109.6695
1217,LA,2013-02,1654.64
1218,LA,2013-03,5967.83
1219,LA,2013-04,2591.06
1220,LA,2013-05,1872.15
1221,LA,2013-06,2580.7
1222,LA,2013-07,1766.6175
1223,LA,2013-08,8454.575
1224,LA,2013-09,2205.7779
1225,LA,2013-10,12603.97
1226,LA,2013-11,737.23
1227,LA,2013-12,2188.78
1228,MA,2013-03,0.2
1229,MA,2013-04,321.0
1230,MA,2013-07,1.0
1231,MD,2013-01,236.8
1232,MD,2013-02,0.1
1233,MD,2013-03,2944.1000000000004
1234,MD,2013-04,33.8
1235,MD,2013-05,10.6
1236,MD,2013-06,130.5
1237,MD,2013-07,45.6
1238,MD,2013-08,28.7
1239,MD,2013-09,116.6
1240,MD,2013-10,10.3
1241,MD,2013-11,4.1
1242,MD,2013-12,19.4
1243,ME,2013-02,4.45
1244,ME,2013-03,57.06
1245,ME,2013-04,107.21
1246,ME,2013-05,68.04
1247,ME,2013-06,5.01
1248,ME,2013-07,15.02
1249,ME,2013-08,35.38
1250,ME,2013-09,4.0
1251,ME,2013-10,0.31
1252,ME,2013-11,0.21
1253,ME,2013-12,0.1
1254,MI,2013-03,422.85
1255,MI,2013-04,1415.32
1256,MI,2013-05,9904.32
1257,MI,2013-06,41.3
1258,MI,2013-07,12.82
1259,MI,2013-08,11.25
1260,MI,2013-09,10.2
1261,MI,2013-10,140.25
1262,MI,2013-11,93.1
1263,MN,2013-03,10286.49
1264,MN,2013-04,22163.7
1265,MN,2013-05,972.35
1266,MN,2013-06,19.04
1267,MN,2013-07,32.25
1268,MN,2013-08,53.04
1269,MN,2013-09,18.46
1270,MN,2013-10,2063.76
1271,MN,2013-11,71.15
1272,MN,2013-12,0.1
1273,MO,2013-01,0.1
1274,MO,2013-02,970.95
1275,MO,2013-03,5622.88
1276,MO,2013-04,3264.52
1277,MO,2013-06,0.1
1278,MO,2013-07,5.4
1279,MO,2013-08,155.5
1280,MO,2013-09,0.2
1281,MO,2013-10,921.03
1282,MO,2013-11,3307.82
1283,MO,2013-12,223.0
1284,MS,2013-01,749.1
1285,MS,2013-02,2648.1
1286,MS,2013-03,9138.9
1287,MS,2013-04,4597.04
1288,MS,2013-05,196.8
1289,MS,2013-06,226.4
1290,MS,2013-07,166.3
1291,MS,2013-08,278.5
1292,MS,2013-09,3479.9
1293,MS,2013-10,12432.35
1294,MS,2013-11,585.4
1295,MS,2013-12,2048.93
1296,MT,2013-01,2.2
1297,MT,2013-02,2.3
1298,MT,2013-03,1592.17
1299,MT,2013-04,671.4
1300,MT,2013-05,201.65
1301,MT,2013-06,17.47
1302,MT,2013-07,5372.22
1303,MT,2013-08,46641.31
1304,MT,2013-09,833.01
1305,MT,2013-10,594.96
1306,MT,2013-11,1547.31
1307,MT,2013-12,0.1
1308,NC,2013-01,342.1
1309,NC,2013-02,1216.1
1310,NC,2013-03,3043.5
1311,NC,2013-04,5316.05
1312,NC,2013-05,1469.65
1313,NC,2013-06,591.4
1314,NC,2013-07,948.55
1315,NC,2013-08,156.5
1316,NC,2013-09,2424.45
1317,NC,2013-10,618.15
1318,NC,2013-11,680.95
1319,NC,2013-12,179.9
1320,ND,2013-03,28.4
1321,ND,2013-04,2450.2
1322,ND,2013-05,286.5
1323,ND,2013-06,13.2
1324,ND,2013-07,83.6
1325,ND,2013-08,701.45
1326,ND,2013-09,83.05
1327,ND,2013-10,42.6
1328,ND,2013-11,64.8
1329,ND,2013-12,1.0
1330,NE,2013-01,48.75
1331,NE,2013-02,21.45
1332,NE,2013-03,5304.75
1333,NE,2013-04,9728.24
1334,NE,2013-05,274.21
1335,NE,2013-06,104.31
1336,NE,2013-07,271.4
1337,NE,2013-08,634.76
1338,NE,2013-09,4252.35
1339,NE,2013-10,944.8
1340,NE,2013-11,1598.04
1341,NE,2013-12,150.63
1342,NH,2013-02,0.2
1343,NH,2013-03,2.65
1344,NH,2013-04,28.176
1345,NH,2013-05,6.859
1346,NH,2013-07,10.588
1347,NH,2013-08,0.127
1348,NH,2013-09,3.343
1349,NH,2013-10,0.1
1350,NJ,2013-01,9.75
1351,NJ,2013-02,2.25
1352,NJ,2013-03,595.1
1353,NJ,2013-04,204.0
1354,NJ,2013-05,542.25
1355,NJ,2013-06,1333.25
1356,NJ,2013-07,3095.75
1357,NJ,2013-08,296.5
1358,NJ,2013-09,95.5
1359,NJ,2013-10,6.7
1360,NJ,2013-11,520.0
1361,NJ,2013-12,56.75
1362,NM,2013-01,7235.5
1363,NM,2013-02,1070.6
1364,NM,2013-03,10923.95
1365,NM,2013-04,9211.37
1366,NM,2013-05,26000.39
1367,NM,2013-06,51769.71
1368,NM,2013-07,3012.16
1369,NM,2013-08,2613.33
1370,NM,2013-09,3258.36
1371,NM,2013-10,2287.08
1372,NM,2013-11,4805.47
1373,NM,2013-12,8900.25
1374,NV,2013-01,0.4
1375,NV,2013-02,0.1
1376,NV,2013-03,1.3
1377,NV,2013-04,30.6
1378,NV,2013-05,15.4
1379,NV,2013-06,397.35
1380,NV,2013-07,11723.75
1381,NV,2013-08,6089.2
1382,NV,2013-09,1637.7
1383,NV,2013-10,52.25
1384,NV,2013-11,22.1
1385,NY,2013-01,32.0
1386,NY,2013-02,10.65
1387,NY,2013-03,323.91
1388,NY,2013-04,2367.28
1389,NY,2013-05,450.98
1390,NY,2013-06,70.0
1391,NY,2013-07,334.03000000000003
1392,NY,2013-08,212.44
1393,NY,2013-09,270.6
1394,NY,2013-10,55.85
1395,NY,2013-11,147.89
1396,NY,2013-12,24.5
1397,OH,2013-03,85.9
1398,OH,2013-04,970.31
1399,OH,2013-05,1.0
1400,OH,2013-07,1.0
1401,OH,2013-08,1.25
1402,OH,2013-09,47.91
1403,OH,2013-10,140.1
1404,OH,2013-11,265.51
1405,OK,2013-01,674.0
1406,OK,2013-02,4623.6
1407,OK,2013-03,40301.3
1408,OK,2013-04,19610.65
1409,OK,2013-05,1120.6
1410,OK,2013-06,871.4
1411,OK,2013-07,799.8
1412,OK,2013-08,14324.7
1413,OK,2013-09,6117.85
1414,OK,2013-10,5238.8
1415,OK,2013-11,10431.3
1416,OK,2013-12,8784.1
1417,OR,2013-01,2.6
1418,OR,2013-02,0.46
1419,OR,2013-03,26.9
1420,OR,2013-04,1.42
1421,OR,2013-05,100.5
1422,OR,2013-06,405.69
1423,OR,2013-07,6704.18
1424,OR,2013-08,73708.8
1425,OR,2013-09,3397.82
1426,OR,2013-10,3383.59
1427,OR,2013-11,15.71
1428,OR,2013-12,0.11
1429,PA,2013-01,0.25
1430,PA,2013-02,0.1
1431,PA,2013-03,170.668
1432,PA,2013-04,2545.21079
1433,PA,2013-05,102.593
1434,PA,2013-06,2.06
1435,PA,2013-07,52.695
1436,PA,2013-08,192.24
1437,PA,2013-09,162.1704
1438,PA,2013-10,53.8978
1439,PA,2013-11,211.221
1440,PA,2013-12,6.86
1441,SC,2013-01,366.0
1442,SC,2013-02,428.85
1443,SC,2013-03,3009.2
1444,SC,2013-04,2291.9
1445,SC,2013-05,367.8
1446,SC,2013-06,629.5
1447,SC,2013-07,335.1
1448,SC,2013-08,60.95
1449,SC,2013-09,509.87
1450,SC,2013-10,352.4
1451,SC,2013-11,422.8
1452,SC,2013-12,694.0
1453,SD,2013-01,0.8
1454,SD,2013-02,0.1
1455,SD,2013-03,430.2
1456,SD,2013-04,2412.6
1457,SD,2013-05,13.0
1458,SD,2013-06,339.0
1459,SD,2013-07,375.35
1460,SD,2013-08,796.79
1461,SD,2013-09,377.45
1462,SD,2013-10,826.15
1463,SD,2013-11,49.6
1464,SD,2013-12,13.2
1465,TN,2013-01,47.05
1466,TN,2013-02,489.2
1467,TN,2013-03,3203.47
1468,TN,2013-04,9604.65
1469,TN,2013-05,53.95
1470,TN,2013-06,52.8
1471,TN,2013-07,253.6
1472,TN,2013-08,688.4
1473,TN,2013-09,1610.5
1474,TN,2013-10,4051.13
1475,TN,2013-11,1778.9
1476,TN,2013-12,259.8
1477,TX,2013-01,12134.58
1478,TX,2013-02,4318.29
1479,TX,2013-03,28726.03
1480,TX,2013-04,16098.65
1481,TX,2013-05,33915.21
1482,TX,2013-06,41771.87
1483,TX,2013-07,5398.18
1484,TX,2013-08,23665.25
1485,TX,2013-09,14408.28
1486,TX,2013-10,11658.39
1487,TX,2013-11,17845.25
1488,TX,2013-12,28262.05
1489,UT,2013-02,0.1
1490,UT,2013-03,552.26
1491,UT,2013-04,141.88
1492,UT,2013-05,116.42
1493,UT,2013-06,1715.32
1494,UT,2013-07,50098.86
1495,UT,2013-08,3863.3
1496,UT,2013-09,4616.35
1497,UT,2013-10,1530.39
1498,UT,2013-11,15.8
1499,UT,2013-12,0.1
1500,VA,2013-01,54.5
1501,VA,2013-02,10.1
1502,VA,2013-03,424.8
1503,VA,2013-04,5135.96
1504,VA,2013-05,177.62
1505,VA,2013-06,304.5
1506,VA,2013-07,735.85
1507,VA,2013-08,276.2
1508,VA,2013-09,1047.6
1509,VA,2013-10,1634.6
1510,VA,2013-11,1744.3
1511,VA,2013-12,8.6
1512,VT,2013-05,0.1
1513,VT,2013-09,0.25
1514,WA,2013-01,0.76
1515,WA,2013-02,0.51
1516,WA,2013-03,322.46
1517,WA,2013-04,79.79
1518,WA,2013-05,42.37
1519,WA,2013-06,858.32
1520,WA,2013-07,41975.08
1521,WA,2013-08,41893.64
1522,WA,2013-09,7826.86
1523,WA,2013-10,45.15
1524,WA,2013-11,1.36
1525,WI,2013-03,659.305
1526,WI,2013-04,859.344
1527,WI,2013-05,674.405
1528,WI,2013-06,46.190000000000005
1529,WI,2013-07,11.26
1530,WI,2013-08,3.66
1531,WI,2013-09,1.38
1532,WI,2013-10,186.11
1533,WI,2013-11,89.4416
1534,WI,2013-12,0.25
1535,WV,2013-01,0.7
1536,WV,2013-03,796.5
1537,WV,2013-04,11686.5
1538,WV,2013-05,25.91
1539,WV,2013-06,0.1
1540,WV,2013-07,163.6
1541,WV,2013-08,53.9
1542,WV,2013-09,157.3
1543,WV,2013-10,9714.45
1544,WV,2013-11,2821.1
1545,WV,2013-12,34.1
1546,WY,2013-01,0.3
1547,WY,2013-02,10.7
1548,WY,2013-03,335.0
1549,WY,2013-04,97.1
1550,WY,2013-05,5.7
1551,WY,2013-06,9.75
1552,WY,2013-07,9067.6792
1553,WY,2013-08,15647.33
1554,WY,2013-09,30812.75
1555,WY,2013-10,29693.19
1556,WY,2013-11,1269.95
1557,AK,2014-03,0.5
1558,AK,2014-04,1558.9699999999998
1559,AK,2014-05,608126.4
1560,AK,2014-06,316987.85
1561,AK,2014-07,206614.55
1562,AK,2014-08,156.7
1563,AK,2014-09,4046.7
1564,AK,2014-10,40.9
1565,AK,2014-11,0.1
1566,AL,2014-01,759.37
1567,AL,2014-02,2678.08
1568,AL,2014-03,4897.16
1569,AL,2014-04,7368.98
1570,AL,2014-05,795.45
1571,AL,2014-06,434.07
1572,AL,2014-07,1294.77
1573,AL,2014-08,1707.4
1574,AL,2014-09,7850.35
1575,AL,2014-10,10216.3
1576,AL,2014-11,2211.82
1577,AL,2014-12,1864.72
1578,AR,2014-01,82.5
1579,AR,2014-02,1063.0
1580,AR,2014-03,7595.35
1581,AR,2014-04,2624.6
1582,AR,2014-05,295.1
1583,AR,2014-06,639.1
1584,AR,2014-07,735.45
1585,AR,2014-08,3205.41
1586,AR,2014-09,5573.5
1587,AR,2014-10,6411.1
1588,AR,2014-11,4309.8
1589,AR,2014-12,2219.8
1590,AZ,2014-01,1329.35
1591,AZ,2014-02,58.9
1592,AZ,2014-03,259.4
1593,AZ,2014-04,521.4
1594,AZ,2014-05,6875.48
1595,AZ,2014-06,42376.12
1596,AZ,2014-07,11515.76
1597,AZ,2014-08,10771.55
1598,AZ,2014-09,4121.65
1599,AZ,2014-10,656.41
1600,AZ,2014-11,9089.0
1601,AZ,2014-12,148.8
1602,CA,2014-01,149.51
1603,CA,2014-02,8.47
1604,CA,2014-03,300.4
1605,CA,2014-04,51.38
1606,CA,2014-05,6844.42
1607,CA,2014-06,9336.63
1608,CA,2014-07,73566.06
1609,CA,2014-08,14058.27
1610,CA,2014-09,13264.72
1611,CA,2014-10,2581.8
1612,CA,2014-11,729.92
1613,CA,2014-12,55.46
1614,CO,2014-01,12.3
1615,CO,2014-02,7.7
1616,CO,2014-03,1136.26
1617,CO,2014-04,1256.13
1618,CO,2014-05,2967.96
1619,CO,2014-06,12663.83
1620,CO,2014-07,6035.96
1621,CO,2014-08,11188.93
1622,CO,2014-09,12019.57
1623,CO,2014-10,3167.41
1624,CO,2014-11,1316.81
1625,CO,2014-12,122.2
1626,CT,2014-01,1.9
1627,CT,2014-02,0.7000000000000001
1628,CT,2014-03,47.85
1629,CT,2014-04,276.8
1630,CT,2014-05,18.75
1631,CT,2014-06,6.95
1632,CT,2014-07,31.7
1633,CT,2014-08,18.45
1634,CT,2014-09,11.9
1635,CT,2014-10,5.7
1636,CT,2014-11,29.76
1637,CT,2014-12,5.57
1638,DE,2014-08,3.0
1639,FL,2014-01,3557.05
1640,FL,2014-02,3080.36
1641,FL,2014-03,1263.52
1642,FL,2014-04,2541.38
1643,FL,2014-05,7225.85
1644,FL,2014-06,5128.78
1645,FL,2014-07,5838.94
1646,FL,2014-08,942.05
1647,FL,2014-09,1782.08
1648,FL,2014-10,4943.21
1649,FL,2014-11,1065.03
1650,FL,2014-12,25505.95
1651,GA,2014-01,532.82
1652,GA,2014-02,1326.47
1653,GA,2014-03,3109.56
1654,GA,2014-04,4624.85
1655,GA,2014-05,674.4499999999999
1656,GA,2014-06,630.29
1657,GA,2014-07,1012.53
1658,GA,2014-08,1210.05
1659,GA,2014-09,1534.38
1660,GA,2014-10,2317.55
1661,GA,2014-11,3989.1
1662,GA,2014-12,2426.31
1663,HI,2014-01,24.05
1664,HI,2014-02,524.61
1665,HI,2014-03,1262.9
1666,HI,2014-04,174.88
1667,HI,2014-05,1027.53
1668,HI,2014-06,7307.14
1669,HI,2014-07,1323.34
1670,HI,2014-08,2424.0
1671,HI,2014-09,835.84
1672,HI,2014-10,140.55
1673,HI,2014-11,138.18
1674,HI,2014-12,29.8
1675,IA,2014-03,689.45
1676,IA,2014-04,1052.967
1677,IA,2014-05,63.95
1678,IA,2014-06,1.75
1679,IA,2014-07,2.0
1680,IA,2014-08,10.0
1681,IA,2014-09,17.1
1682,IA,2014-10,322.05
1683,IA,2014-11,162.05
1684,IA,2014-12,83.625
1685,ID,2014-02,0.8
1686,ID,2014-03,50.91
1687,ID,2014-04,511.15
1688,ID,2014-05,3.92
1689,ID,2014-06,31610.46
1690,ID,2014-07,143066.11
1691,ID,2014-08,460396.64
1692,ID,2014-09,7667.66
1693,ID,2014-10,498.41
1694,ID,2014-11,62.1
1695,IL,2014-01,1.2
1696,IL,2014-02,23.85
1697,IL,2014-03,760.95
1698,IL,2014-04,254.09
1699,IL,2014-05,26.35
1700,IL,2014-06,5.0
1701,IL,2014-07,9.2
1702,IL,2014-08,20.65
1703,IL,2014-09,315.4
1704,IL,2014-10,516.12
1705,IL,2014-11,661.02
1706,IL,2014-12,14.72
1707,IN,2014-03,84.8
1708,IN,2014-04,28.4
1709,IN,2014-05,1.3
1710,IN,2014-07,0.6
1711,IN,2014-08,0.1
1712,IN,2014-09,13.85
1713,IN,2014-10,39.75
1714,IN,2014-11,1401.3
1715,KS,2014-03,2402.7
1716,KS,2014-04,11891.0
1717,KS,2014-05,280.0
1718,KS,2014-06,1.0
1719,KS,2014-07,600.0
1720,KS,2014-08,4192.01
1721,KS,2014-10,1160.0
1722,KS,2014-11,4582.0
1723,KS,2014-12,0.1
1724,KY,2014-01,1.0
1725,KY,2014-02,39.0
1726,KY,2014-03,3644.27
1727,KY,2014-04,30643.41
1728,KY,2014-05,23.25
1729,KY,2014-07,26.0
1730,KY,2014-08,300.0
1731,KY,2014-09,938.0
1732,KY,2014-10,15365.7
1733,KY,2014-11,9196.72
1734,KY,2014-12,32.1
1735,LA,2014-01,1109.6695
1736,LA,2014-02,1654.64
1737,LA,2014-03,5967.83
1738,LA,2014-04,2591.06
1739,LA,2014-05,1872.15
1740,LA,2014-06,2580.7
1741,LA,2014-07,1766.6175
1742,LA,2014-08,8454.575
1743,LA,2014-09,2205.7779
1744,LA,2014-10,12603.97
1745,LA,2014-11,737.23
1746,LA,2014-12,2188.78
1747,MA,2014-03,0.2
1748,MA,2014-04,321.0
1749,MA,2014-07,1.0
1750,MD,2014-01,236.8
1751,MD,2014-02,0.1
1752,MD,2014-03,2944.1000000000004
1753,MD,2014-04,33.8
1754,MD,2014-05,10.6
1755,MD,2014-06,130.5
1756,MD,2014-07,45.6
1757,MD,2014-08,28.7
1758,MD,2014-09,116.6
1759,MD,2014-10,10.3
1760,MD,2014-11,4.1
1761,MD,2014-12,19.4
1762,ME,2014-02,4.45
1763,ME,2014-03,57.06
1764,ME,2014-04,107.21
1765,ME,2014-05,68.04
1766,ME,2014-06,5.01
1767,ME,2014-07,15.02
1768,ME,2014-08,35.38
1769,ME,2014-09,4.0
1770,ME,2014-10,0.31
1771,ME,2014-11,0.21
1772,ME,2014-12,0.1
1773,MI,2014-03,422.85
1774,MI,2014-04,1415.32
1775,MI,2014-05,9904.32
1776,MI,2014-06,41.3
1777,MI,2014-07,12.82
1778,MI,2014-08,11.25
1779,MI,2014-09,10.2
1780,MI,2014-10,140.25
1781,MI,2014-11,93.1
1782,MN,2014-03,10286.49
1783,MN,2014-04,22163.7
1784,MN,2014-05,972.35
1785,MN,2014-06,19.04
1786,MN,2014-07,32.25
1787,MN,2014-08,53.04
1788,MN,2014-09,18.46
1789,MN,2014-10,2063.76
1790,MN,2014-11,71.15
1791,MN,2014-12,0.1
1792,MO,2014-01,0.1
1793,MO,2014-02,970.95
1794,MO,2014-03,5622.88
1795,MO,2014-04,3264.52
1796,MO,2014-06,0.1
1797,MO,2014-07,5.4
1798,MO,2014-08,155.5
1799,MO,2014-09,0.2
1800,MO,2014-10,921.03
1801,MO,2014-11,3307.82
1802,MO,2014-12,223.0
1803,MS,2014-01,749.1
1804,MS,2014-02,2648.1
1805,MS,2014-03,9138.9
1806,MS,2014-04,4597.04
1807,MS,2014-05,196.8
1808,MS,2014-06,226.4
1809,MS,2014-07,166.3
1810,MS,2014-08,278.5
1811,MS,2014-09,3479.9
1812,MS,2014-10,12432.35
1813,MS,2014-11,585.4
1814,MS,2014-12,2048.93
1815,MT,2014-01,2.2
1816,MT,2014-02,2.3
1817,MT,2014-03,1592.17
1818,MT,2014-04,671.4
1819,MT,2014-05,201.65
1820,MT,2014-06,17.47
1821,MT,2014-07,5372.22
1822,MT,2014-08,46641.31
1823,MT,2014-09,833.01
1824,MT,2014-10,594.96
1825,MT,2014-11,1547.31
1826,MT,2014-12,0.1
1827,NC,2014-01,342.1
1828,NC,2014-02,1216.1
1829,NC,2014-03,3043.5
1830,NC,2014-04,5316.05
1831,NC,2014-05,1469.65
1832,NC,2014-06,591.4
1833,NC,2014-07,948.55
1834,NC,2014-08,156.5
1835,NC,2014-09,2424.45
1836,NC,2014-10,618.15
1837,NC,2014-11,680.95
1838,NC,2014-12,179.9
1839,ND,2014-03,28.4
1840,ND,2014-04,2450.2
1841,ND,2014-05,286.5
1842,ND,2014-06,13.2
1843,ND,2014-07,83.6
1844,ND,2014-08,701.45
1845,ND,2014-09,83.05
1846,ND,2014-10,42.6
1847,ND,2014-11,64.8
1848,ND,2014-12,1.0
1849,NE,2014-01,48.75
1850,NE,2014-02,21.45
1851,NE,2014-03,5304.75
1852,NE,2014-04,9728.24
1853,NE,2014-05,274.21
1854,NE,2014-06,104.31
1855,NE,2014-07,271.4
1856,NE,2014-08,634.76
1857,NE,2014-09,4252.35
1858,NE,2014-10,944.8
1859,NE,2014-11,1598.04
1860,NE,2014-12,150.63
1861,NH,2014-02,0.2
1862,NH,2014-03,2.65
1863,NH,2014-04,28.176
1864,NH,2014-05,6.859
1865,NH,2014-07,10.588
1866,NH,2014-08,0.127
1867,NH,2014-09,3.343
1868,NH,2014-10,0.1
1869,NJ,2014-01,9.75
1870,NJ,2014-02,2.25
1871,NJ,2014-03,595.1
1872,NJ,2014-04,204.0
1873,NJ,2014-05,542.25
1874,NJ,2014-06,1333.25
1875,NJ,2014-07,3095.75
1876,NJ,2014-08,296.5
1877,NJ,2014-09,95.5
1878,NJ,2014-10,6.7
1879,NJ,2014-11,520.0
1880,NJ,2014-12,56.75
1881,NM,2014-01,7235.5
1882,NM,2014-02,1070.6
1883,NM,2014-03,10923.95
1884,NM,2014-04,9211.37
1885,NM,2014-05,26000.39
1886,NM,2014-06,51769.71
1887,NM,2014-07,3012.16
1888,NM,2014-08,2613.33
1889,NM,2014-09,3258.36
1890,NM,2014-10,2287.08
1891,NM,2014-11,4805.47
1892,NM,2014-12,8900.25
1893,NV,2014-01,0.4
1894,NV,2014-02,0.1
1895,NV,2014-03,1.3
1896,NV,2014-04,30.6
1897,NV,2014-05,15.4
1898,NV,2014-06,397.35
1899,NV,2014-07,11723.75
1900,NV,2014-08,6089.2
1901,NV,2014-09,1637.7
1902,NV,2014-10,52.25
1903,NV,2014-11,22.1
1904,NY,2014-01,32.0
1905,NY,2014-02,10.65
1906,NY,2014-03,323.91
1907,NY,2014-04,2367.28
1908,NY,2014-05,450.98
1909,NY,2014-06,70.0
1910,NY,2014-07,334.03000000000003
1911,NY,2014-08,212.44
1912,NY,2014-09,270.6
1913,NY,2014-10,55.85
1914,NY,2014-11,147.89
1915,NY,2014-12,24.5
1916,OH,2014-03,85.9
1917,OH,2014-04,970.31
1918,OH,2014-05,1.0
1919,OH,2014-07,1.0
1920,OH,2014-08,1.25
1921,OH,2014-09,47.91
1922,OH,2014-10,140.1
1923,OH,2014-11,265.51
1924,OK,2014-01,674.0
1925,OK,2014-02,4623.6
1926,OK,2014-03,40301.3
1927,OK,2014-04,19610.65
1928,OK,2014-05,1120.6
1929,OK,2014-06,871.4
1930,OK,2014-07,799.8
1931,OK,2014-08,14324.7
1932,OK,2014-09,6117.85
1933,OK,2014-10,5238.8
1934,OK,2014-11,10431.3
1935,OK,2014-12,8784.1
1936,OR,2014-01,2.6
1937,OR,2014-02,0.46
1938,OR,2014-03,26.9
1939,OR,2014-04,1.42
1940,OR,2014-05,100.5
1941,OR,2014-06,405.69
1942,OR,2014-07,6704.18
1943,OR,2014-08,73708.8
1944,OR,2014-09,3397.82
1945,OR,2014-10,3383.59
1946,OR,2014-11,15.71
1947,OR,2014-12,0.11
1948,PA,2014-01,0.25
1949,PA,2014-02,0.1
1950,PA,2014-03,170.668
1951,PA,2014-04,2545.21079
1952,PA,2014-05,102.593
1953,PA,2014-06,2.06
1954,PA,2014-07,52.695
1955,PA,2014-08,192.24
1956,PA,2014-09,162.1704
1957,PA,2014-10,53.8978
1958,PA,2014-11,211.221
1959,PA,2014-12,6.86
1960,SC,2014-01,366.0
1961,SC,2014-02,428.85
1962,SC,2014-03,3009.2
1963,SC,2014-04,2291.9
1964,SC,2014-05,367.8
1965,SC,2014-06,629.5
1966,SC,2014-07,335.1
1967,SC,2014-08,60.95
1968,SC,2014-09,509.87
1969,SC,2014-10,352.4
1970,SC,2014-11,422.8
1971,SC,2014-12,694.0
1972,SD,2014-01,0.8
1973,SD,2014-02,0.1
1974,SD,2014-03,430.2
1975,SD,2014-04,2412.6
1976,SD,2014-05,13.0
1977,SD,2014-06,339.0
1978,SD,2014-07,375.35
1979,SD,2014-08,796.79
1980,SD,2014-09,377.45
1981,SD,2014-10,826.15
1982,SD,2014-11,49.6
1983,SD,2014-12,13.2
1984,TN,2014-01,47.05
1985,TN,2014-02,489.2
1986,TN,2014-03,3203.47
1987,TN,2014-04,9604.65
1988,TN,2014-05,53.95
1989,TN,2014-06,52.8
1990,TN,2014-07,253.6
1991,TN,2014-08,688.4
1992,TN,2014-09,1610.5
1993,TN,2014-10,4051.13
1994,TN,2014-11,1778.9
1995,TN,2014-12,259.8
1996,TX,2014-01,12134.58
1997,TX,2014-02,4318.29
1998,TX,2014-03,28726.03
1999,TX,2014-04,16098.65
2000,TX,2014-05,33915.21
2001,TX,2014-06,41771.87
2002,TX,2014-07,5398.18
2003,TX,2014-08,23665.25
2004,TX,2014-09,14408.28
2005,TX,2014-10,11658.39
2006,TX,2014-11,17845.25
2007,TX,2014-12,28262.05
2008,UT,2014-02,0.1
2009,UT,2014-03,552.26
2010,UT,2014-04,141.88
2011,UT,2014-05,116.42
2012,UT,2014-06,1715.32
2013,UT,2014-07,50098.86
2014,UT,2014-08,3863.3
2015,UT,2014-09,4616.35
2016,UT,2014-10,1530.39
2017,UT,2014-11,15.8
2018,UT,2014-12,0.1
2019,VA,2014-01,54.5
2020,VA,2014-02,10.1
2021,VA,2014-03,424.8
2022,VA,2014-04,5135.96
2023,VA,2014-05,177.62
2024,VA,2014-06,304.5
2025,VA,2014-07,735.85
2026,VA,2014-08,276.2
2027,VA,2014-09,1047.6
2028,VA,2014-10,1634.6
2029,VA,2014-11,1744.3
2030,VA,2014-12,8.6
2031,VT,2014-05,0.1
2032,VT,2014-09,0.25
2033,WA,2014-01,0.76
2034,WA,2014-02,0.51
2035,WA,2014-03,322.46
2036,WA,2014-04,79.79
2037,WA,2014-05,42.37
2038,WA,2014-06,858.32
2039,WA,2014-07,41975.08
2040,WA,2014-08,41893.64
2041,WA,2014-09,7826.86
2042,WA,2014-10,45.15
2043,WA,2014-11,1.36
2044,WI,2014-03,659.305
2045,WI,2014-04,859.344
2046,WI,2014-05,674.405
2047,WI,2014-06,46.190000000000005
2048,WI,2014-07,11.26
2049,WI,2014-08,3.66
2050,WI,2014-09,1.38
2051,WI,2014-10,186.11
2052,WI,2014-11,89.4416
2053,WI,2014-12,0.25
2054,WV,2014-01,0.7
2055,WV,2014-03,796.5
2056,WV,2014-04,11686.5
2057,WV,2014-05,25.91
2058,WV,2014-06,0.1
2059,WV,2014-07,163.6
2060,WV,2014-08,53.9
2061,WV,2014-09,157.3
2062,WV,2014-10,9714.45
2063,WV,2014-11,2821.1
2064,WV,2014-12,34.1
2065,WY,2014-01,0.3
2066,WY,2014-02,10.7
2067,WY,2014-03,335.0
2068,WY,2014-04,97.1
2069,WY,2014-05,5.7
2070,WY,2014-06,9.75
2071,WY,2014-07,9067.6792
2072,WY,2014-08,15647.33
2073,WY,2014-09,30812.75
2074,WY,2014-10,29693.19
2075,WY,2014-11,1269.95
2076,AK,2015-03,0.5
2077,AK,2015-04,1558.9699999999998
2078,AK,2015-05,608126.4
2079,AK,2015-06,316987.85
2080,AK,2015-07,206614.55
2081,AK,2015-08,156.7
2082,AK,2015-09,4046.7
2083,AK,2015-10,40.9
2084,AK,2015-11,0.1
2085,AL,2015-01,759.37
2086,AL,2015-02,2678.08
2087,AL,2015-03,4897.16
2088,AL,2015-04,7368.98
2089,AL,2015-05,795.45
2090,AL,2015-06,434.07
2091,AL,2015-07,1294.77
2092,AL,2015-08,1707.4
2093,AL,2015-09,7850.35
2094,AL,2015-10,10216.3
2095,AL,2015-11,2211.82
2096,AL,2015-12,1864.72
2097,AR,2015-01,82.5
2098,AR,2015-02,1063.0
2099,AR,2015-03,7595.35
2100,AR,2015-04,2624.6
2101,AR,2015-05,295.1
2102,AR,2015-06,639.1
2103,AR,2015-07,735.45
2104,AR,2015-08,3205.41
2105,AR,2015-09,5573.5
2106,AR,2015-10,6411.1
2107,AR,2015-11,4309.8
2108,AR,2015-12,2219.8
2109,AZ,2015-01,1329.35
2110,AZ,2015-02,58.9
2111,AZ,2015-03,259.4
2112,AZ,2015-04,521.4
2113,AZ,2015-05,6875.48
2114,AZ,2015-06,42376.12
2115,AZ,2015-07,11515.76
2116,AZ,2015-08,10771.55
2117,AZ,2015-09,4121.65
2118,AZ,2015-10,656.41
2119,AZ,2015-11,9089.0
2120,AZ,2015-12,148.8
2121,CA,2015-01,149.51
2122,CA,2015-02,8.47
2123,CA,2015-03,300.4
2124,CA,2015-04,51.38
2125,CA,2015-05,6844.42
2126,CA,2015-06,9336.63
2127,CA,2015-07,73566.06
2128,CA,2015-08,14058.27
2129,CA,2015-09,13264.72
2130,CA,2015-10,2581.8
2131,CA,2015-11,729.92
2132,CA,2015-12,55.46
2133,CO,2015-01,12.3
2134,CO,2015-02,7.7
2135,CO,2015-03,1136.26
2136,CO,2015-04,1256.13
2137,CO,2015-05,2967.96
2138,CO,2015-06,12663.83
2139,CO,2015-07,6035.96
2140,CO,2015-08,11188.93
2141,CO,2015-09,12019.57
2142,CO,2015-10,3167.41
2143,CO,2015-11,1316.81
2144,CO,2015-12,122.2
2145,CT,2015-01,1.9
2146,CT,2015-02,0.7000000000000001
2147,CT,2015-03,47.85
2148,CT,2015-04,276.8
2149,CT,2015-05,18.75
2150,CT,2015-06,6.95
2151,CT,2015-07,31.7
2152,CT,2015-08,18.45
2153,CT,2015-09,11.9
2154,CT,2015-10,5.7
2155,CT,2015-11,29.76
2156,CT,2015-12,5.57
2157,DE,2015-08,3.0
2158,FL,2015-01,3557.05
2159,FL,2015-02,3080.36
2160,FL,2015-03,1263.52
2161,FL,2015-04,2541.38
2162,FL,2015-05,7225.85
2163,FL,2015-06,5128.78
2164,FL,2015-07,5838.94
2165,FL,2015-08,942.05
2166,FL,2015-09,1782.08
2167,FL,2015-10,4943.21
2168,FL,2015-11,1065.03
2169,FL,2015-12,25505.95
2170,GA,2015-01,532.82
2171,GA,2015-02,1326.47
2172,GA,2015-03,3109.56
2173,GA,2015-04,4624.85
2174,GA,2015-05,674.4499999999999
2175,GA,2015-06,630.29
2176,GA,2015-07,1012.53
2177,GA,2015-08,1210.05
2178,GA,2015-09,1534.38
2179,GA,2015-10,2317.55
2180,GA,2015-11,3989.1
2181,GA,2015-12,2426.31
2182,HI,2015-01,24.05
2183,HI,2015-02,524.61
2184,HI,2015-03,1262.9
2185,HI,2015-04,174.88
2186,HI,2015-05,1027.53
2187,HI,2015-06,7307.14
2188,HI,2015-07,1323.34
2189,HI,2015-08,2424.0
2190,HI,2015-09,835.84
2191,HI,2015-10,140.55
2192,HI,2015-11,138.18
2193,HI,2015-12,29.8
2194,IA,2015-03,689.45
2195,IA,2015-04,1052.967
2196,IA,2015-05,63.95
2197,IA,2015-06,1.75
2198,IA,2015-07,2.0
2199,IA,2015-08,10.0
2200,IA,2015-09,17.1
2201,IA,2015-10,322.05
2202,IA,2015-11,162.05
2203,IA,2015-12,83.625
2204,ID,2015-02,0.8
2205,ID,2015-03,50.91
2206,ID,2015-04,511.15
2207,ID,2015-05,3.92
2208,ID,2015-06,31610.46
2209,ID,2015-07,143066.11
2210,ID,2015-08,460396.64
2211,ID,2015-09,7667.66
2212,ID,2015-10,498.41
2213,ID,2015-11,62.1
2214,IL,2015-01,1.2
2215,IL,2015-02,23.85
2216,IL,2015-03,760.95
2217,IL,2015-04,254.09
2218,IL,2015-05,26.35
2219,IL,2015-06,5.0
2220,IL,2015-07,9.2
2221,IL,2015-08,20.65
2222,IL,2015-09,315.4
2223,IL,2015-10,516.12
2224,IL,2015-11,661.02
2225,IL,2015-12,14.72
2226,IN,2015-03,84.8
2227,IN,2015-04,28.4
2228,IN,2015-05,1.3
2229,IN,2015-07,0.6
2230,IN,2015-08,0.1
2231,IN,2015-09,13.85
2232,IN,2015-10,39.75
2233,IN,2015-11,1401.3
2234,KS,2015-03,2402.7
2235,KS,2015-04,11891.0
2236,KS,2015-05,280.0
2237,KS,2015-06,1.0
2238,KS,2015-07,600.0
2239,KS,2015-08,4192.01
2240,KS,2015-10,1160.0
2241,KS,2015-11,4582.0
2242,KS,2015-12,0.1
2243,KY,2015-01,1.0
2244,KY,2015-02,39.0
2245,KY,2015-03,3644.27
2246,KY,2015-04,30643.41
2247,KY,2015-05,23.25
2248,KY,2015-07,26.0
2249,KY,2015-08,300.0
2250,KY,2015-09,938.0
2251,KY,2015-10,15365.7
2252,KY,2015-11,9196.72
2253,KY,2015-12,32.1
2254,LA,2015-01,1109.6695
2255,LA,2015-02,1654.64
2256,LA,2015-03,5967.83
2257,LA,2015-04,2591.06
2258,LA,2015-05,1872.15
2259,LA,2015-06,2580.7
2260,LA,2015-07,1766.6175
2261,LA,2015-08,8454.575
2262,LA,2015-09,2205.7779
2263,LA,2015-10,12603.97
2264,LA,2015-11,737.23
2265,LA,2015-12,2188.78
2266,MA,2015-03,0.2
2267,MA,2015-04,321.0
2268,MA,2015-07,1.0
2269,MD,2015-01,236.8
2270,MD,2015-02,0.1
2271,MD,2015-03,2944.1000000000004
2272,MD,2015-04,33.8
2273,MD,2015-05,10.6
2274,MD,2015-06,130.5
2275,MD,2015-07,45.6
2276,MD,2015-08,28.7
2277,MD,2015-09,116.6
2278,MD,2015-10,10.3
2279,MD,2015-11,4.1
2280,MD,2015-12,19.4
2281,ME,2015-02,4.45
2282,ME,2015-03,57.06
2283,ME,2015-04,107.21
2284,ME,2015-05,68.04
2285,ME,2015-06,5.01
2286,ME,2015-07,15.02
2287,ME,2015-08,35.38
2288,ME,2015-09,4.0
2289,ME,2015-10,0.31
2290,ME,2015-11,0.21
2291,ME,2015-12,0.1
2292,MI,2015-03,422.85
2293,MI,2015-04,1415.32
2294,MI,2015-05,9904.32
2295,MI,2015-06,41.3
2296,MI,2015-07,12.82
2297,MI,2015-08,11.25
2298,MI,2015-09,10.2
2299,MI,2015-10,140.25
2300,MI,2015-11,93.1
2301,MN,2015-03,10286.49
2302,MN,2015-04,22163.7
2303,MN,2015-05,972.35
2304,MN,2015-06,19.04
2305,MN,2015-07,32.25
2306,MN,2015-08,53.04
2307,MN,2015-09,18.46
2308,MN,2015-10,2063.76
2309,MN,2015-11,71.15
2310,MN,2015-12,0.1
2311,MO,2015-01,0.1
2312,MO,2015-02,970.95
2313,MO,2015-03,5622.88
2314,MO,2015-04,3264.52
2315,MO,2015-06,0.1
2316,MO,2015-07,5.4
2317,MO,2015-08,155.5
2318,MO,2015-09,0.2
2319,MO,2015-10,921.03
2320,MO,2015-11,3307.82
2321,MO,2015-12,223.0
2322,MS,2015-01,749.1
2323,MS,2015-02,2648.1
2324,MS,2015-03,9138.9
2325,MS,2015-04,4597.04
2326,MS,2015-05,196.8
2327,MS,2015-06,226.4
2328,MS,2015-07,166.3
2329,MS,2015-08,278.5
2330,MS,2015-09,3479.9
2331,MS,2015-10,12432.35
2332,MS,2015-11,585.4
2333,MS,2015-12,2048.93
2334,MT,2015-01,2.2
2335,MT,2015-02,2.3
2336,MT,2015-03,1592.17
2337,MT,2015-04,671.4
2338,MT,2015-05,201.65
2339,MT,2015-06,17.47
2340,MT,2015-07,5372.22
2341,MT,2015-08,46641.31
2342,MT,2015-09,833.01
2343,MT,2015-10,594.96
2344,MT,2015-11,1547.31
2345,MT,2015-12,0.1
2346,NC,2015-01,342.1
2347,NC,2015-02,1216.1
2348,NC,2015-03,3043.5
2349,NC,2015-04,5316.05
2350,NC,2015-05,1469.65
2351,NC,2015-06,591.4
2352,NC,2015-07,948.55
2353,NC,2015-08,156.5
2354,NC,2015-09,2424.45
2355,NC,2015-10,618.15
2356,NC,2015-11,680.95
2357,NC,2015-12,179.9
2358,ND,2015-03,28.4
2359,ND,2015-04,2450.2
2360,ND,2015-05,286.5
2361,ND,2015-06,13.2
2362,ND,2015-07,83.6
2363,ND,2015-08,701.45
2364,ND,2015-09,83.05
2365,ND,2015-10,42.6
2366,ND,2015-11,64.8
2367,ND,2015-12,1.0
2368,NE,2015-01,48.75
2369,NE,2015-02,21.45
2370,NE,2015-03,5304.75
2371,NE,2015-04,9728.24
2372,NE,2015-05,274.21
2373,NE,2015-06,104.31
2374,NE,2015-07,271.4
2375,NE,2015-08,634.76
2376,NE,2015-09,4252.35
2377,NE,2015-10,944.8
2378,NE,2015-11,1598.04
2379,NE,2015-12,150.63
2380,NH,2015-02,0.2
2381,NH,2015-03,2.65
2382,NH,2015-04,28.176
2383,NH,2015-05,6.859
2384,NH,2015-07,10.588
2385,NH,2015-08,0.127
2386,NH,2015-09,3.343
2387,NH,2015-10,0.1
2388,NJ,2015-01,9.75
2389,NJ,2015-02,2.25
2390,NJ,2015-03,595.1
2391,NJ,2015-04,204.0
2392,NJ,2015-05,542.25
2393,NJ,2015-06,1333.25
2394,NJ,2015-07,3095.75
2395,NJ,2015-08,296.5
2396,NJ,2015-09,95.5
2397,NJ,2015-10,6.7
2398,NJ,2015-11,520.0
2399,NJ,2015-12,56.75
2400,NM,2015-01,7235.5
2401,NM,2015-02,1070.6
2402,NM,2015-03,10923.95
2403,NM,2015-04,9211.37
2404,NM,2015-05,26000.39
2405,NM,2015-06,51769.71
2406,NM,2015-07,3012.16
2407,NM,2015-08,2613.33
2408,NM,2015-09,3258.36
2409,NM,2015-10,2287.08
2410,NM,2015-11,4805.47
2411,NM,2015-12,8900.25
2412,NV,2015-01,0.4
2413,NV,2015-02,0.1
2414,NV,2015-03,1.3
2415,NV,2015-04,30.6
2416,NV,2015-05,15.4
2417,NV,2015-06,397.35
2418,NV,2015-07,11723.75
2419,NV,2015-08,6089.2
2420,NV,2015-09,1637.7
2421,NV,2015-10,52.25
2422,NV,2015-11,22.1
2423,NY,2015-01,32.0
2424,NY,2015-02,10.65
2425,NY,2015-03,323.91
2426,NY,2015-04,2367.28
2427,NY,2015-05,450.98
2428,NY,2015-06,70.0
2429,NY,2015-07,334.03000000000003
2430,NY,2015-08,212.44
2431,NY,2015-09,270.6
2432,NY,2015-10,55.85
2433,NY,2015-11,147.89
2434,NY,2015-12,24.5
2435,OH,2015-03,85.9
2436,OH,2015-04,970.31
2437,OH,2015-05,1.0
2438,OH,2015-07,1.0
2439,OH,2015-08,1.25
2440,OH,2015-09,47.91
2441,OH,2015-10,140.1
2442,OH,2015-11,265.51
2443,OK,2015-01,674.0
2444,OK,2015-02,4623.6
2445,OK,2015-03,40301.3
2446,OK,2015-04,19610.65
2447,OK,2015-05,1120.6
2448,OK,2015-06,871.4
2449,OK,2015-07,799.8
2450,OK,2015-08,14324.7
2451,OK,2015-09,6117.85
2452,OK,2015-10,5238.8
2453,OK,2015-11,10431.3
2454,OK,2015-12,8784.1
2455,OR,2015-01,2.6
2456,OR,2015-02,0.46
2457,OR,2015-03,26.9
2458,OR,2015-04,1.42
2459,OR,2015-05,100.5
2460,OR,2015-06,405.69
2461,OR,2015-07,6704.18
2462,OR,2015-08,73708.8
2463,OR,2015-09,3397.82
2464,OR,2015-10,3383.59
2465,OR,2015-11,15.71
2466,OR,2015-12,0.11
2467,PA,2015-01,0.25
2468,PA,2015-02,0.1
2469,PA,2015-03,170.668
2470,PA,2015-04,2545.21079
2471,PA,2015-05,102.593
2472,PA,2015-06,2.06
2473,PA,2015-07,52.695
2474,PA,2015-08,192.24
2475,PA,2015-09,162.1704
2476,PA,2015-10,53.8978
2477,PA,2015-11,211.221
2478,PA,2015-12,6.86
2479,SC,2015-01,366.0
2480,SC,2015-02,428.85
2481,SC,2015-03,3009.2
2482,SC,2015-04,2291.9
2483,SC,2015-05,367.8
2484,SC,2015-06,629.5
2485,SC,2015-07,335.1
2486,SC,2015-08,60.95
2487,SC,2015-09,509.87
2488,SC,2015-10,352.4
2489,SC,2015-11,422.8
2490,SC,2015-12,694.0
2491,SD,2015-01,0.8
2492,SD,2015-02,0.1
2493,SD,2015-03,430.2
2494,SD,2015-04,2412.6
2495,SD,2015-05,13.0
2496,SD,2015-06,339.0
2497,SD,2015-07,375.35
2498,SD,2015-08,796.79
2499,SD,2015-09,377.45
2500,SD,2015-10,826.15
2501,SD,2015-11,49.6
2502,SD,2015-12,13.2
2503,TN,2015-01,47.05
2504,TN,2015-02,489.2
2505,TN,2015-03,3203.47
2506,TN,2015-04,9604.65
2507,TN,2015-05,53.95
2508,TN,2015-06,52.8
2509,TN,2015-07,253.6
2510,TN,2015-08,688.4
2511,TN,2015-09,1610.5
2512,TN,2015-10,4051.13
2513,TN,2015-11,1778.9
2514,TN,2015-12,259.8
2515,TX,2015-01,12134.58
2516,TX,2015-02,4318.29
2517,TX,2015-03,28726.03
2518,TX,2015-04,16098.65
2519,TX,2015-05,33915.21
2520,TX,2015-06,41771.87
2521,TX,2015-07,5398.18
2522,TX,2015-08,23665.25
2523,TX,2015-09,14408.28
2524,TX,2015-10,11658.39
2525,TX,2015-11,17845.25
2526,TX,2015-12,28262.05
2527,UT,2015-02,0.1
2528,UT,2015-03,552.26
2529,UT,2015-04,141.88
2530,UT,2015-05,116.42
2531,UT,2015-06,1715.32
2532,UT,2015-07,50098.86
2533,UT,2015-08,3863.3
2534,UT,2015-09,4616.35
2535,UT,2015-10,1530.39
2536,UT,2015-11,15.8
2537,UT,2015-12,0.1
2538,VA,2015-01,54.5
2539,VA,2015-02,10.1
2540,VA,2015-03,424.8
2541,VA,2015-04,5135.96
2542,VA,2015-05,177.62
2543,VA,2015-06,304.5
2544,VA,2015-07,735.85
2545,VA,2015-08,276.2
2546,VA,2015-09,1047.6
2547,VA,2015-10,1634.6
2548,VA,2015-11,1744.3
2549,VA,2015-12,8.6
2550,VT,2015-05,0.1
2551,VT,2015-09,0.25
2552,WA,2015-01,0.76
2553,WA,2015-02,0.51
2554,WA,2015-03,322.46
2555,WA,2015-04,79.79
2556,WA,2015-05,42.37
2557,WA,2015-06,858.32
2558,WA,2015-07,41975.08
2559,WA,2015-08,41893.64
2560,WA,2015-09,7826.86
2561,WA,2015-10,45.15
2562,WA,2015-11,1.36
2563,WI,2015-03,659.305
2564,WI,2015-04,859.344
2565,WI,2015-05,674.405
2566,WI,2015-06,46.190000000000005
2567,WI,2015-07,11.26
2568,WI,2015-08,3.66
2569,WI,2015-09,1.38
2570,WI,2015-10,186.11
2571,WI,2015-11,89.4416
2572,WI,2015-12,0.25
2573,WV,2015-01,0.7
2574,WV,2015-03,796.5
2575,WV,2015-04,11686.5
2576,WV,2015-05,25.91
2577,WV,2015-06,0.1
2578,WV,2015-07,163.6
2579,WV,2015-08,53.9
2580,WV,2015-09,157.3
2581,WV,2015-10,9714.45
2582,WV,2015-11,2821.1
2583,WV,2015-12,34.1
2584,WY,2015-01,0.3
2585,WY,2015-02,10.7
2586,WY,2015-03,335.0
2587,WY,2015-04,97.1
2588,WY,2015-05,5.7
2589,WY,2015-06,9.75
2590,WY,2015-07,9067.6792
2591,WY,2015-08,15647.33
2592,WY,2015-09,30812.75
2593,WY,2015-10,29693.19
2594,WY,2015-11,1269.95
